block,method,attack,rho,alpha,spoof,seed,round,accuracy,f1,precision,recall
amftas,amfta_s,label_flipping,0.10,0.50,0.00,42,1,0.6178,0.7637532451477316,0.6178,1.0
amftas,amfta_s,label_flipping,0.10,0.50,0.00,42,2,0.61825,0.763965746437073,0.6180781351608223,1.0
amftas,amfta_s,label_flipping,0.10,0.50,0.00,42,3,0.77235,0.8444216641038783,0.730735111479094,1.0
amftas,amfta_s,label_flipping,0.10,0.50,0.00,42,4,0.8364,0.883076043453402,0.7906321986178654,1.0
amftas,amfta_s,label_flipping,0.10,0.50,0.00,42,5,0.99885,0.999070143521326,0.9981420147023184,1.0
amftas,amfta_s,label_flipping,0.10,0.50,0.00,42,6,0.99865,0.9989086058450221,0.9978195913752725,1.0
amftas,amfta_s,label_flipping,0.10,0.50,0.00,42,7,1.0,1.0,1.0,1.0
amftas,amfta_s,label_flipping,0.10,0.50,0.00,42,8,1.0,1.0,1.0,1.0
amftas,amfta_s,label_flipping,0.10,0.50,0.00,42,9,1.0,1.0,1.0,1.0
amftas,amfta_s,label_flipping,0.10,0.50,0.00,42,10,1.0,1.0,1.0,1.0
amftas,amfta_s,label_flipping,0.10,0.50,0.00,42,11,1.0,1.0,1.0,1.0
amftas,amfta_s,label_flipping,0.10,0.50,0.00,42,12,1.0,1.0,1.0,1.0
amftas,amfta_s,label_flipping,0.10,0.50,0.00,42,13,1.0,1.0,1.0,1.0
amftas,amfta_s,label_flipping,0.10,0.50,0.00,42,14,1.0,1.0,1.0,1.0
amftas,amfta_s,label_flipping,0.10,0.50,0.00,42,15,1.0,1.0,1.0,1.0
amftas,amfta_s,label_flipping,0.10,0.50,0.00,42,16,1.0,1.0,1.0,1.0
amftas,amfta_s,label_flipping,0.10,0.50,0.00,42,17,1.0,1.0,1.0,1.0
amftas,amfta_s,label_flipping,0.10,0.50,0.00,42,18,1.0,1.0,1.0,1.0
amftas,amfta_s,label_flipping,0.10,0.50,0.00,42,19,1.0,1.0,1.0,1.0
amftas,amfta_s,label_flipping,0.10,0.50,0.00,42,20,1.0,1.0,1.0,1.0
amftas,amfta_s,label_flipping,0.10,0.50,0.00,42,21,1.0,1.0,1.0,1.0
amftas,amfta_s,label_flipping,0.10,0.50,0.00,42,22,1.0,1.0,1.0,1.0
amftas,amfta_s,label_flipping,0.10,0.50,0.00,42,23,1.0,1.0,1.0,1.0
amftas,amfta_s,label_flipping,0.10,0.50,0.00,42,24,1.0,1.0,1.0,1.0
amftas,amfta_s,label_flipping,0.10,0.50,0.00,42,25,1.0,1.0,1.0,1.0
amftas,amfta_s,label_flipping,0.10,0.50,0.00,123,1,0.6263,0.7702145975527269,0.6263,1.0
amftas,amfta_s,label_flipping,0.10,0.50,0.00,123,2,0.8319,0.8816780460336454,0.7883937562940584,1.0
amftas,amfta_s,label_flipping,0.10,0.50,0.00,123,3,0.8889,0.918530468578133,0.849335503119067,1.0
amftas,amfta_s,label_flipping,0.10,0.50,0.00,123,4,0.99755,0.9980478865383849,0.99610337972167,1.0
amftas,amfta_s,label_flipping,0.10,0.50,0.00,123,5,1.0,1.0,1.0,1.0
amftas,amfta_s,label_flipping,0.10,0.50,0.00,123,6,0.99925,0.9994016037020784,0.9988039231321266,1.0
amftas,amfta_s,label_flipping,0.10,0.50,0.00,123,7,1.0,1.0,1.0,1.0
amftas,amfta_s,label_flipping,0.10,0.50,0.00,123,8,1.0,1.0,1.0,1.0
amftas,amfta_s,label_flipping,0.10,0.50,0.00,123,9,1.0,1.0,1.0,1.0
amftas,amfta_s,label_flipping,0.10,0.50,0.00,123,10,1.0,1.0,1.0,1.0
amftas,amfta_s,label_flipping,0.10,0.50,0.00,123,11,1.0,1.0,1.0,1.0
amftas,amfta_s,label_flipping,0.10,0.50,0.00,123,12,1.0,1.0,1.0,1.0
amftas,amfta_s,label_flipping,0.10,0.50,0.00,123,13,1.0,1.0,1.0,1.0
amftas,amfta_s,label_flipping,0.10,0.50,0.00,123,14,1.0,1.0,1.0,1.0
amftas,amfta_s,label_flipping,0.10,0.50,0.00,123,15,1.0,1.0,1.0,1.0
amftas,amfta_s,label_flipping,0.10,0.50,0.00,123,16,1.0,1.0,1.0,1.0
amftas,amfta_s,label_flipping,0.10,0.50,0.00,123,17,1.0,1.0,1.0,1.0
amftas,amfta_s,label_flipping,0.10,0.50,0.00,123,18,1.0,1.0,1.0,1.0
amftas,amfta_s,label_flipping,0.10,0.50,0.00,123,19,1.0,1.0,1.0,1.0
amftas,amfta_s,label_flipping,0.10,0.50,0.00,123,20,1.0,1.0,1.0,1.0
amftas,amfta_s,label_flipping,0.10,0.50,0.00,123,21,1.0,1.0,1.0,1.0
amftas,amfta_s,label_flipping,0.10,0.50,0.00,123,22,1.0,1.0,1.0,1.0
amftas,amfta_s,label_flipping,0.10,0.50,0.00,123,23,1.0,1.0,1.0,1.0
amftas,amfta_s,label_flipping,0.10,0.50,0.00,123,24,1.0,1.0,1.0,1.0
amftas,amfta_s,label_flipping,0.10,0.50,0.00,123,25,1.0,1.0,1.0,1.0
amftas,amfta_s,label_flipping,0.10,0.50,0.00,456,1,0.61705,0.7631798645681952,0.61705,1.0
amftas,amfta_s,label_flipping,0.10,0.50,0.00,456,2,0.61705,0.7631798645681952,0.61705,1.0
amftas,amfta_s,label_flipping,0.10,0.50,0.00,456,3,0.6181,0.7636757425742575,0.6176985835126884,1.0
amftas,amfta_s,label_flipping,0.10,0.50,0.00,456,4,0.73825,0.8250158772604205,0.7021506599908967,1.0
amftas,amfta_s,label_flipping,0.10,0.50,0.00,456,5,0.96545,0.9727663264099633,0.9469766728054021,1.0
amftas,amfta_s,label_flipping,0.10,0.50,0.00,456,6,0.92525,0.9428887955075066,0.8919485400404741,1.0
amftas,amfta_s,label_flipping,0.10,0.50,0.00,456,7,0.98905,0.9912051724830329,0.9825636942675159,1.0
amftas,amfta_s,label_flipping,0.10,0.50,0.00,456,8,0.9994,0.9995140519964364,0.9990285760543998,1.0
amftas,amfta_s,label_flipping,0.10,0.50,0.00,456,9,0.99835,0.9986647784746105,0.9973331178277033,1.0
amftas,amfta_s,label_flipping,0.10,0.50,0.00,456,10,1.0,1.0,1.0,1.0
amftas,amfta_s,label_flipping,0.10,0.50,0.00,456,11,1.0,1.0,1.0,1.0
amftas,amfta_s,label_flipping,0.10,0.50,0.00,456,12,1.0,1.0,1.0,1.0
amftas,amfta_s,label_flipping,0.10,0.50,0.00,456,13,1.0,1.0,1.0,1.0
amftas,amfta_s,label_flipping,0.10,0.50,0.00,456,14,1.0,1.0,1.0,1.0
amftas,amfta_s,label_flipping,0.10,0.50,0.00,456,15,1.0,1.0,1.0,1.0
amftas,amfta_s,label_flipping,0.10,0.50,0.00,456,16,1.0,1.0,1.0,1.0
amftas,amfta_s,label_flipping,0.10,0.50,0.00,456,17,1.0,1.0,1.0,1.0
amftas,amfta_s,label_flipping,0.10,0.50,0.00,456,18,1.0,1.0,1.0,1.0
amftas,amfta_s,label_flipping,0.10,0.50,0.00,456,19,1.0,1.0,1.0,1.0
amftas,amfta_s,label_flipping,0.10,0.50,0.00,456,20,1.0,1.0,1.0,1.0
amftas,amfta_s,label_flipping,0.10,0.50,0.00,456,21,1.0,1.0,1.0,1.0
amftas,amfta_s,label_flipping,0.10,0.50,0.00,456,22,1.0,1.0,1.0,1.0
amftas,amfta_s,label_flipping,0.10,0.50,0.00,456,23,1.0,1.0,1.0,1.0
amftas,amfta_s,label_flipping,0.10,0.50,0.00,456,24,1.0,1.0,1.0,1.0
amftas,amfta_s,label_flipping,0.10,0.50,0.00,456,25,1.0,1.0,1.0,1.0
amftas,amfta_s,label_flipping,0.20,0.50,0.00,42,1,0.8817,0.9126227934116258,0.8392881401983426,1.0
amftas,amfta_s,label_flipping,0.20,0.50,0.00,42,2,0.63405,0.7715026068496145,0.628005082592122,1.0
amftas,amfta_s,label_flipping,0.20,0.50,0.00,42,3,0.99865,0.9989086058450221,0.9978195913752725,1.0
amftas,amfta_s,label_flipping,0.20,0.50,0.00,42,4,0.95655,0.9660294750009772,0.9342911153119092,1.0
amftas,amfta_s,label_flipping,0.20,0.50,0.00,42,5,1.0,1.0,1.0,1.0
amftas,amfta_s,label_flipping,0.20,0.50,0.00,42,6,1.0,1.0,1.0,1.0
amftas,amfta_s,label_flipping,0.20,0.50,0.00,42,7,1.0,1.0,1.0,1.0
amftas,amfta_s,label_flipping,0.20,0.50,0.00,42,8,1.0,1.0,1.0,1.0
amftas,amfta_s,label_flipping,0.20,0.50,0.00,42,9,1.0,1.0,1.0,1.0
amftas,amfta_s,label_flipping,0.20,0.50,0.00,42,10,1.0,1.0,1.0,1.0
amftas,amfta_s,label_flipping,0.20,0.50,0.00,42,11,1.0,1.0,1.0,1.0
amftas,amfta_s,label_flipping,0.20,0.50,0.00,42,12,1.0,1.0,1.0,1.0
amftas,amfta_s,label_flipping,0.20,0.50,0.00,42,13,1.0,1.0,1.0,1.0
amftas,amfta_s,label_flipping,0.20,0.50,0.00,42,14,1.0,1.0,1.0,1.0
amftas,amfta_s,label_flipping,0.20,0.50,0.00,42,15,1.0,1.0,1.0,1.0
amftas,amfta_s,label_flipping,0.20,0.50,0.00,42,16,1.0,1.0,1.0,1.0
amftas,amfta_s,label_flipping,0.20,0.50,0.00,42,17,1.0,1.0,1.0,1.0
amftas,amfta_s,label_flipping,0.20,0.50,0.00,42,18,1.0,1.0,1.0,1.0
amftas,amfta_s,label_flipping,0.20,0.50,0.00,42,19,1.0,1.0,1.0,1.0
amftas,amfta_s,label_flipping,0.20,0.50,0.00,42,20,1.0,1.0,1.0,1.0
amftas,amfta_s,label_flipping,0.20,0.50,0.00,42,21,1.0,1.0,1.0,1.0
amftas,amfta_s,label_flipping,0.20,0.50,0.00,42,22,1.0,1.0,1.0,1.0
amftas,amfta_s,label_flipping,0.20,0.50,0.00,42,23,1.0,1.0,1.0,1.0
amftas,amfta_s,label_flipping,0.20,0.50,0.00,42,24,1.0,1.0,1.0,1.0
amftas,amfta_s,label_flipping,0.20,0.50,0.00,42,25,1.0,1.0,1.0,1.0
amftas,amfta_s,label_flipping,0.20,0.50,0.00,123,1,0.6263,0.7702145975527269,0.6263,1.0
amftas,amfta_s,label_flipping,0.20,0.50,0.00,123,2,0.90345,0.9284364229329578,0.8664314864771391,1.0
amftas,amfta_s,label_flipping,0.20,0.50,0.00,123,3,0.9441,0.9572793274742072,0.9180592201700382,1.0
amftas,amfta_s,label_flipping,0.20,0.50,0.00,123,4,1.0,1.0,1.0,1.0
amftas,amfta_s,label_flipping,0.20,0.50,0.00,123,5,1.0,1.0,1.0,1.0
amftas,amfta_s,label_flipping,0.20,0.50,0.00,123,6,0.9999,0.9999201724275565,0.9998403575989783,1.0
amftas,amfta_s,label_flipping,0.20,0.50,0.00,123,7,1.0,1.0,1.0,1.0
amftas,amfta_s,label_flipping,0.20,0.50,0.00,123,8,0.9994,0.9995212256623045,0.9990429095549529,1.0
amftas,amfta_s,label_flipping,0.20,0.50,0.00,123,9,1.0,1.0,1.0,1.0
amftas,amfta_s,label_flipping,0.20,0.50,0.00,123,10,1.0,1.0,1.0,1.0
amftas,amfta_s,label_flipping,0.20,0.50,0.00,123,11,1.0,1.0,1.0,1.0
amftas,amfta_s,label_flipping,0.20,0.50,0.00,123,12,1.0,1.0,1.0,1.0
amftas,amfta_s,label_flipping,0.20,0.50,0.00,123,13,1.0,1.0,1.0,1.0
amftas,amfta_s,label_flipping,0.20,0.50,0.00,123,14,1.0,1.0,1.0,1.0
amftas,amfta_s,label_flipping,0.20,0.50,0.00,123,15,1.0,1.0,1.0,1.0
amftas,amfta_s,label_flipping,0.20,0.50,0.00,123,16,1.0,1.0,1.0,1.0
amftas,amfta_s,label_flipping,0.20,0.50,0.00,123,17,1.0,1.0,1.0,1.0
amftas,amfta_s,label_flipping,0.20,0.50,0.00,123,18,1.0,1.0,1.0,1.0
amftas,amfta_s,label_flipping,0.20,0.50,0.00,123,19,1.0,1.0,1.0,1.0
amftas,amfta_s,label_flipping,0.20,0.50,0.00,123,20,1.0,1.0,1.0,1.0
amftas,amfta_s,label_flipping,0.20,0.50,0.00,123,21,1.0,1.0,1.0,1.0
amftas,amfta_s,label_flipping,0.20,0.50,0.00,123,22,1.0,1.0,1.0,1.0
amftas,amfta_s,label_flipping,0.20,0.50,0.00,123,23,1.0,1.0,1.0,1.0
amftas,amfta_s,label_flipping,0.20,0.50,0.00,123,24,1.0,1.0,1.0,1.0
amftas,amfta_s,label_flipping,0.20,0.50,0.00,123,25,1.0,1.0,1.0,1.0
amftas,amfta_s,label_flipping,0.20,0.50,0.00,456,1,0.61705,0.7631798645681952,0.61705,1.0
amftas,amfta_s,label_flipping,0.20,0.50,0.00,456,2,0.61705,0.7631798645681952,0.61705,1.0
amftas,amfta_s,label_flipping,0.20,0.50,0.00,456,3,0.6238,0.7663789356020617,0.6212433929020891,1.0
amftas,amfta_s,label_flipping,0.20,0.50,0.00,456,4,0.72635,0.8185043939645166,0.6927697316717188,1.0
amftas,amfta_s,label_flipping,0.20,0.50,0.00,456,5,0.99755,0.9980186810076422,0.996045197740113,1.0
amftas,amfta_s,label_flipping,0.20,0.50,0.00,456,6,0.98585,0.9886641297816945,0.9775823827629911,1.0
amftas,amfta_s,label_flipping,0.20,0.50,0.00,456,7,0.98725,0.9897742310622769,0.9797554779295015,1.0
amftas,amfta_s,label_flipping,0.20,0.50,0.00,456,8,0.99965,0.9997164729231641,0.9994331065759637,1.0
amftas,amfta_s,label_flipping,0.20,0.50,0.00,456,9,0.9995,0.9995950105297262,0.9991903489595985,1.0
amftas,amfta_s,label_flipping,0.20,0.50,0.00,456,10,1.0,1.0,1.0,1.0
amftas,amfta_s,label_flipping,0.20,0.50,0.00,456,11,1.0,1.0,1.0,1.0
amftas,amfta_s,label_flipping,0.20,0.50,0.00,456,12,1.0,1.0,1.0,1.0
amftas,amfta_s,label_flipping,0.20,0.50,0.00,456,13,1.0,1.0,1.0,1.0
amftas,amfta_s,label_flipping,0.20,0.50,0.00,456,14,1.0,1.0,1.0,1.0
amftas,amfta_s,label_flipping,0.20,0.50,0.00,456,15,1.0,1.0,1.0,1.0
amftas,amfta_s,label_flipping,0.20,0.50,0.00,456,16,1.0,1.0,1.0,1.0
amftas,amfta_s,label_flipping,0.20,0.50,0.00,456,17,1.0,1.0,1.0,1.0
amftas,amfta_s,label_flipping,0.20,0.50,0.00,456,18,1.0,1.0,1.0,1.0
amftas,amfta_s,label_flipping,0.20,0.50,0.00,456,19,1.0,1.0,1.0,1.0
amftas,amfta_s,label_flipping,0.20,0.50,0.00,456,20,1.0,1.0,1.0,1.0
amftas,amfta_s,label_flipping,0.20,0.50,0.00,456,21,1.0,1.0,1.0,1.0
amftas,amfta_s,label_flipping,0.20,0.50,0.00,456,22,1.0,1.0,1.0,1.0
amftas,amfta_s,label_flipping,0.20,0.50,0.00,456,23,1.0,1.0,1.0,1.0
amftas,amfta_s,label_flipping,0.20,0.50,0.00,456,24,1.0,1.0,1.0,1.0
amftas,amfta_s,label_flipping,0.20,0.50,0.00,456,25,1.0,1.0,1.0,1.0
amftas,amfta_s,label_flipping,0.30,0.50,0.00,42,1,0.99915,0.9993125480205426,0.9986260405722137,1.0
amftas,amfta_s,label_flipping,0.30,0.50,0.00,42,2,0.90375,0.9277321019634343,0.8652055178208808,1.0
amftas,amfta_s,label_flipping,0.30,0.50,0.00,42,3,0.99995,0.9999595354671631,0.9999190742089504,1.0
amftas,amfta_s,label_flipping,0.30,0.50,0.00,42,4,0.99915,0.9993125480205426,0.9986260405722137,1.0
amftas,amfta_s,label_flipping,0.30,0.50,0.00,42,5,1.0,1.0,1.0,1.0
amftas,amfta_s,label_flipping,0.30,0.50,0.00,42,6,1.0,1.0,1.0,1.0
amftas,amfta_s,label_flipping,0.30,0.50,0.00,42,7,0.9991,0.9992710779946545,1.0,0.9985432178698608
amftas,amfta_s,label_flipping,0.30,0.50,0.00,42,8,0.99955,0.9996359370575624,0.999272139102305,1.0
amftas,amfta_s,label_flipping,0.30,0.50,0.00,42,9,1.0,1.0,1.0,1.0
amftas,amfta_s,label_flipping,0.30,0.50,0.00,42,10,1.0,1.0,1.0,1.0
amftas,amfta_s,label_flipping,0.30,0.50,0.00,42,11,1.0,1.0,1.0,1.0
amftas,amfta_s,label_flipping,0.30,0.50,0.00,42,12,1.0,1.0,1.0,1.0
amftas,amfta_s,label_flipping,0.30,0.50,0.00,42,13,1.0,1.0,1.0,1.0
amftas,amfta_s,label_flipping,0.30,0.50,0.00,42,14,1.0,1.0,1.0,1.0
amftas,amfta_s,label_flipping,0.30,0.50,0.00,42,15,1.0,1.0,1.0,1.0
amftas,amfta_s,label_flipping,0.30,0.50,0.00,42,16,1.0,1.0,1.0,1.0
amftas,amfta_s,label_flipping,0.30,0.50,0.00,42,17,1.0,1.0,1.0,1.0
amftas,amfta_s,label_flipping,0.30,0.50,0.00,42,18,1.0,1.0,1.0,1.0
amftas,amfta_s,label_flipping,0.30,0.50,0.00,42,19,1.0,1.0,1.0,1.0
amftas,amfta_s,label_flipping,0.30,0.50,0.00,42,20,1.0,1.0,1.0,1.0
amftas,amfta_s,label_flipping,0.30,0.50,0.00,42,21,1.0,1.0,1.0,1.0
amftas,amfta_s,label_flipping,0.30,0.50,0.00,42,22,1.0,1.0,1.0,1.0
amftas,amfta_s,label_flipping,0.30,0.50,0.00,42,23,1.0,1.0,1.0,1.0
amftas,amfta_s,label_flipping,0.30,0.50,0.00,42,24,1.0,1.0,1.0,1.0
amftas,amfta_s,label_flipping,0.30,0.50,0.00,42,25,1.0,1.0,1.0,1.0
amftas,amfta_s,label_flipping,0.30,0.50,0.00,123,1,0.6263,0.7702145975527269,0.6263,1.0
amftas,amfta_s,label_flipping,0.30,0.50,0.00,123,2,0.9279,0.9455725824715031,0.8967640320733105,1.0
amftas,amfta_s,label_flipping,0.30,0.50,0.00,123,3,0.88975,0.9191033495982683,0.8503156608512661,1.0
amftas,amfta_s,label_flipping,0.30,0.50,0.00,123,4,1.0,1.0,1.0,1.0
amftas,amfta_s,label_flipping,0.30,0.50,0.00,123,5,0.7724,0.8462369950006756,0.7334582503806066,1.0
amftas,amfta_s,label_flipping,0.30,0.50,0.00,123,6,1.0,1.0,1.0,1.0
amftas,amfta_s,label_flipping,0.30,0.50,0.00,123,7,0.9779,0.9826625872754374,0.965916101172116,1.0
amftas,amfta_s,label_flipping,0.30,0.50,0.00,123,8,1.0,1.0,1.0,1.0
amftas,amfta_s,label_flipping,0.30,0.50,0.00,123,9,1.0,1.0,1.0,1.0
amftas,amfta_s,label_flipping,0.30,0.50,0.00,123,10,0.99405,0.9952723372134599,0.9905891656781336,1.0
amftas,amfta_s,label_flipping,0.30,0.50,0.00,123,11,1.0,1.0,1.0,1.0
amftas,amfta_s,label_flipping,0.30,0.50,0.00,123,12,1.0,1.0,1.0,1.0
amftas,amfta_s,label_flipping,0.30,0.50,0.00,123,13,1.0,1.0,1.0,1.0
amftas,amfta_s,label_flipping,0.30,0.50,0.00,123,14,1.0,1.0,1.0,1.0
amftas,amfta_s,label_flipping,0.30,0.50,0.00,123,15,1.0,1.0,1.0,1.0
amftas,amfta_s,label_flipping,0.30,0.50,0.00,123,16,0.99955,0.9996408762619209,0.9992820103709613,1.0
amftas,amfta_s,label_flipping,0.30,0.50,0.00,123,17,1.0,1.0,1.0,1.0
amftas,amfta_s,label_flipping,0.30,0.50,0.00,123,18,1.0,1.0,1.0,1.0
amftas,amfta_s,label_flipping,0.30,0.50,0.00,123,19,1.0,1.0,1.0,1.0
amftas,amfta_s,label_flipping,0.30,0.50,0.00,123,20,1.0,1.0,1.0,1.0
amftas,amfta_s,label_flipping,0.30,0.50,0.00,123,21,1.0,1.0,1.0,1.0
amftas,amfta_s,label_flipping,0.30,0.50,0.00,123,22,0.99995,0.9999600846206043,0.9999201724275565,1.0
amftas,amfta_s,label_flipping,0.30,0.50,0.00,123,23,1.0,1.0,1.0,1.0
amftas,amfta_s,label_flipping,0.30,0.50,0.00,123,24,1.0,1.0,1.0,1.0
amftas,amfta_s,label_flipping,0.30,0.50,0.00,123,25,1.0,1.0,1.0,1.0
amftas,amfta_s,label_flipping,0.30,0.50,0.00,456,1,0.61705,0.7631798645681952,0.61705,1.0
amftas,amfta_s,label_flipping,0.30,0.50,0.00,456,2,0.61705,0.7631798645681952,0.61705,1.0
amftas,amfta_s,label_flipping,0.30,0.50,0.00,456,3,0.93645,0.9510268562401264,0.9066265060240963,1.0
amftas,amfta_s,label_flipping,0.30,0.50,0.00,456,4,0.7911,0.8552321552321552,0.7470791210121678,1.0
amftas,amfta_s,label_flipping,0.30,0.50,0.00,456,5,1.0,1.0,1.0,1.0
amftas,amfta_s,label_flipping,0.30,0.50,0.00,456,6,0.95085,0.9616988116111436,0.9262233563494446,1.0
amftas,amfta_s,label_flipping,0.30,0.50,0.00,456,7,0.9948,0.9958040829500524,0.9916432302129369,1.0
amftas,amfta_s,label_flipping,0.30,0.50,0.00,456,8,1.0,1.0,1.0,1.0
amftas,amfta_s,label_flipping,0.30,0.50,0.00,456,9,1.0,1.0,1.0,1.0
amftas,amfta_s,label_flipping,0.30,0.50,0.00,456,10,1.0,1.0,1.0,1.0
amftas,amfta_s,label_flipping,0.30,0.50,0.00,456,11,0.99495,0.9959246257515233,0.9918823340298988,1.0
amftas,amfta_s,label_flipping,0.30,0.50,0.00,456,12,1.0,1.0,1.0,1.0
amftas,amfta_s,label_flipping,0.30,0.50,0.00,456,13,1.0,1.0,1.0,1.0
amftas,amfta_s,label_flipping,0.30,0.50,0.00,456,14,1.0,1.0,1.0,1.0
amftas,amfta_s,label_flipping,0.30,0.50,0.00,456,15,1.0,1.0,1.0,1.0
amftas,amfta_s,label_flipping,0.30,0.50,0.00,456,16,1.0,1.0,1.0,1.0
amftas,amfta_s,label_flipping,0.30,0.50,0.00,456,17,1.0,1.0,1.0,1.0
amftas,amfta_s,label_flipping,0.30,0.50,0.00,456,18,1.0,1.0,1.0,1.0
amftas,amfta_s,label_flipping,0.30,0.50,0.00,456,19,1.0,1.0,1.0,1.0
amftas,amfta_s,label_flipping,0.30,0.50,0.00,456,20,1.0,1.0,1.0,1.0
amftas,amfta_s,label_flipping,0.30,0.50,0.00,456,21,1.0,1.0,1.0,1.0
amftas,amfta_s,label_flipping,0.30,0.50,0.00,456,22,1.0,1.0,1.0,1.0
amftas,amfta_s,label_flipping,0.30,0.50,0.00,456,23,1.0,1.0,1.0,1.0
amftas,amfta_s,label_flipping,0.30,0.50,0.00,456,24,1.0,1.0,1.0,1.0
amftas,amfta_s,label_flipping,0.30,0.50,0.00,456,25,1.0,1.0,1.0,1.0
amftas,amfta_s,label_flipping,0.10,0.50,0.50,42,1,0.6178,0.7637532451477316,0.6178,1.0
amftas,amfta_s,label_flipping,0.10,0.50,0.50,42,2,0.61885,0.7642492655017783,0.6184493718404325,1.0
amftas,amfta_s,label_flipping,0.10,0.50,0.50,42,3,0.75905,0.8368155497612678,0.7194177583697234,1.0
amftas,amfta_s,label_flipping,0.10,0.50,0.50,42,4,0.82935,0.8786488888888889,0.7835626862832139,1.0
amftas,amfta_s,label_flipping,0.10,0.50,0.50,42,5,0.99945,0.9995550701775674,0.9991105361041481,1.0
amftas,amfta_s,label_flipping,0.10,0.50,0.50,42,6,0.9991,0.999272139102305,0.998545336996929,1.0
amftas,amfta_s,label_flipping,0.10,0.50,0.50,42,7,0.99985,0.9998786162249647,0.9997572619143944,1.0
amftas,amfta_s,label_flipping,0.10,0.50,0.50,42,8,1.0,1.0,1.0,1.0
amftas,amfta_s,label_flipping,0.10,0.50,0.50,42,9,1.0,1.0,1.0,1.0
amftas,amfta_s,label_flipping,0.10,0.50,0.50,42,10,1.0,1.0,1.0,1.0
amftas,amfta_s,label_flipping,0.10,0.50,0.50,42,11,1.0,1.0,1.0,1.0
amftas,amfta_s,label_flipping,0.10,0.50,0.50,42,12,1.0,1.0,1.0,1.0
amftas,amfta_s,label_flipping,0.10,0.50,0.50,42,13,1.0,1.0,1.0,1.0
amftas,amfta_s,label_flipping,0.10,0.50,0.50,42,14,1.0,1.0,1.0,1.0
amftas,amfta_s,label_flipping,0.10,0.50,0.50,42,15,1.0,1.0,1.0,1.0
amftas,amfta_s,label_flipping,0.10,0.50,0.50,42,16,1.0,1.0,1.0,1.0
amftas,amfta_s,label_flipping,0.10,0.50,0.50,42,17,1.0,1.0,1.0,1.0
amftas,amfta_s,label_flipping,0.10,0.50,0.50,42,18,1.0,1.0,1.0,1.0
amftas,amfta_s,label_flipping,0.10,0.50,0.50,42,19,1.0,1.0,1.0,1.0
amftas,amfta_s,label_flipping,0.10,0.50,0.50,42,20,1.0,1.0,1.0,1.0
amftas,amfta_s,label_flipping,0.10,0.50,0.50,42,21,1.0,1.0,1.0,1.0
amftas,amfta_s,label_flipping,0.10,0.50,0.50,42,22,1.0,1.0,1.0,1.0
amftas,amfta_s,label_flipping,0.10,0.50,0.50,42,23,1.0,1.0,1.0,1.0
amftas,amfta_s,label_flipping,0.10,0.50,0.50,42,24,1.0,1.0,1.0,1.0
amftas,amfta_s,label_flipping,0.10,0.50,0.50,42,25,1.0,1.0,1.0,1.0
amftas,amfta_s,label_flipping,0.10,0.50,0.50,123,1,0.6263,0.7702145975527269,0.6263,1.0
amftas,amfta_s,label_flipping,0.10,0.50,0.50,123,2,0.9029,0.9280580869822923,0.8657727398396461,1.0
amftas,amfta_s,label_flipping,0.10,0.50,0.50,123,3,0.8737,0.9084052505620421,0.8321817698644698,1.0
amftas,amfta_s,label_flipping,0.10,0.50,0.50,123,4,0.99775,0.9982069570068136,0.9964203325113357,1.0
amftas,amfta_s,label_flipping,0.10,0.50,0.50,123,5,1.0,1.0,1.0,1.0
amftas,amfta_s,label_flipping,0.10,0.50,0.50,123,6,0.9972,0.9977696351760394,0.9955491972659355,1.0
amftas,amfta_s,label_flipping,0.10,0.50,0.50,123,7,1.0,1.0,1.0,1.0
amftas,amfta_s,label_flipping,0.10,0.50,0.50,123,8,1.0,1.0,1.0,1.0
amftas,amfta_s,label_flipping,0.10,0.50,0.50,123,9,1.0,1.0,1.0,1.0
amftas,amfta_s,label_flipping,0.10,0.50,0.50,123,10,1.0,1.0,1.0,1.0
amftas,amfta_s,label_flipping,0.10,0.50,0.50,123,11,1.0,1.0,1.0,1.0
amftas,amfta_s,label_flipping,0.10,0.50,0.50,123,12,1.0,1.0,1.0,1.0
amftas,amfta_s,label_flipping,0.10,0.50,0.50,123,13,1.0,1.0,1.0,1.0
amftas,amfta_s,label_flipping,0.10,0.50,0.50,123,14,1.0,1.0,1.0,1.0
amftas,amfta_s,label_flipping,0.10,0.50,0.50,123,15,1.0,1.0,1.0,1.0
amftas,amfta_s,label_flipping,0.10,0.50,0.50,123,16,1.0,1.0,1.0,1.0
amftas,amfta_s,label_flipping,0.10,0.50,0.50,123,17,1.0,1.0,1.0,1.0
amftas,amfta_s,label_flipping,0.10,0.50,0.50,123,18,1.0,1.0,1.0,1.0
amftas,amfta_s,label_flipping,0.10,0.50,0.50,123,19,1.0,1.0,1.0,1.0
amftas,amfta_s,label_flipping,0.10,0.50,0.50,123,20,1.0,1.0,1.0,1.0
amftas,amfta_s,label_flipping,0.10,0.50,0.50,123,21,1.0,1.0,1.0,1.0
amftas,amfta_s,label_flipping,0.10,0.50,0.50,123,22,1.0,1.0,1.0,1.0
amftas,amfta_s,label_flipping,0.10,0.50,0.50,123,23,1.0,1.0,1.0,1.0
amftas,amfta_s,label_flipping,0.10,0.50,0.50,123,24,1.0,1.0,1.0,1.0
amftas,amfta_s,label_flipping,0.10,0.50,0.50,123,25,1.0,1.0,1.0,1.0
amftas,amfta_s,label_flipping,0.10,0.50,0.50,456,1,0.61705,0.7631798645681952,0.61705,1.0
amftas,amfta_s,label_flipping,0.10,0.50,0.50,456,2,0.61705,0.7631798645681952,0.61705,1.0
amftas,amfta_s,label_flipping,0.10,0.50,0.50,456,3,0.6173,0.7632978723404256,0.6172043010752688,1.0
amftas,amfta_s,label_flipping,0.10,0.50,0.50,456,4,0.7477,0.8302610333692142,0.7097831713349054,1.0
amftas,amfta_s,label_flipping,0.10,0.50,0.50,456,5,0.9675,0.9743407547765672,0.9499653606342853,1.0
amftas,amfta_s,label_flipping,0.10,0.50,0.50,456,6,0.9282,0.9450187610077342,0.8957683095013428,1.0
amftas,amfta_s,label_flipping,0.10,0.50,0.50,456,7,0.9936,0.9948407900040306,0.9897345416633251,1.0
amftas,amfta_s,label_flipping,0.10,0.50,0.50,456,8,0.99975,0.9997974642524405,0.9995950105297262,1.0
amftas,amfta_s,label_flipping,0.10,0.50,0.50,456,9,0.9986,0.9988668555240793,0.9977362761743067,1.0
amftas,amfta_s,label_flipping,0.10,0.50,0.50,456,10,1.0,1.0,1.0,1.0
amftas,amfta_s,label_flipping,0.10,0.50,0.50,456,11,1.0,1.0,1.0,1.0
amftas,amfta_s,label_flipping,0.10,0.50,0.50,456,12,1.0,1.0,1.0,1.0
amftas,amfta_s,label_flipping,0.10,0.50,0.50,456,13,1.0,1.0,1.0,1.0
amftas,amfta_s,label_flipping,0.10,0.50,0.50,456,14,1.0,1.0,1.0,1.0
amftas,amfta_s,label_flipping,0.10,0.50,0.50,456,15,1.0,1.0,1.0,1.0
amftas,amfta_s,label_flipping,0.10,0.50,0.50,456,16,1.0,1.0,1.0,1.0
amftas,amfta_s,label_flipping,0.10,0.50,0.50,456,17,1.0,1.0,1.0,1.0
amftas,amfta_s,label_flipping,0.10,0.50,0.50,456,18,1.0,1.0,1.0,1.0
amftas,amfta_s,label_flipping,0.10,0.50,0.50,456,19,1.0,1.0,1.0,1.0
amftas,amfta_s,label_flipping,0.10,0.50,0.50,456,20,1.0,1.0,1.0,1.0
amftas,amfta_s,label_flipping,0.10,0.50,0.50,456,21,1.0,1.0,1.0,1.0
amftas,amfta_s,label_flipping,0.10,0.50,0.50,456,22,1.0,1.0,1.0,1.0
amftas,amfta_s,label_flipping,0.10,0.50,0.50,456,23,1.0,1.0,1.0,1.0
amftas,amfta_s,label_flipping,0.10,0.50,0.50,456,24,1.0,1.0,1.0,1.0
amftas,amfta_s,label_flipping,0.10,0.50,0.50,456,25,1.0,1.0,1.0,1.0
amftas,amfta_s,label_flipping,0.20,0.50,0.50,42,1,0.7759,0.8464753031444817,0.7338163677396365,1.0
amftas,amfta_s,label_flipping,0.20,0.50,0.50,42,2,0.6364,0.7726363181590795,0.6295088648868963,1.0
amftas,amfta_s,label_flipping,0.20,0.50,0.50,42,3,0.9961,0.9968535699878983,0.9937268779153933,1.0
amftas,amfta_s,label_flipping,0.20,0.50,0.50,42,4,0.9619,0.9700871476799875,0.9419118768104894,1.0
amftas,amfta_s,label_flipping,0.20,0.50,0.50,42,5,1.0,1.0,1.0,1.0
amftas,amfta_s,label_flipping,0.20,0.50,0.50,42,6,1.0,1.0,1.0,1.0
amftas,amfta_s,label_flipping,0.20,0.50,0.50,42,7,1.0,1.0,1.0,1.0
amftas,amfta_s,label_flipping,0.20,0.50,0.50,42,8,1.0,1.0,1.0,1.0
amftas,amfta_s,label_flipping,0.20,0.50,0.50,42,9,1.0,1.0,1.0,1.0
amftas,amfta_s,label_flipping,0.20,0.50,0.50,42,10,1.0,1.0,1.0,1.0
amftas,amfta_s,label_flipping,0.20,0.50,0.50,42,11,1.0,1.0,1.0,1.0
amftas,amfta_s,label_flipping,0.20,0.50,0.50,42,12,1.0,1.0,1.0,1.0
amftas,amfta_s,label_flipping,0.20,0.50,0.50,42,13,1.0,1.0,1.0,1.0
amftas,amfta_s,label_flipping,0.20,0.50,0.50,42,14,1.0,1.0,1.0,1.0
amftas,amfta_s,label_flipping,0.20,0.50,0.50,42,15,1.0,1.0,1.0,1.0
amftas,amfta_s,label_flipping,0.20,0.50,0.50,42,16,1.0,1.0,1.0,1.0
amftas,amfta_s,label_flipping,0.20,0.50,0.50,42,17,1.0,1.0,1.0,1.0
amftas,amfta_s,label_flipping,0.20,0.50,0.50,42,18,1.0,1.0,1.0,1.0
amftas,amfta_s,label_flipping,0.20,0.50,0.50,42,19,1.0,1.0,1.0,1.0
amftas,amfta_s,label_flipping,0.20,0.50,0.50,42,20,1.0,1.0,1.0,1.0
amftas,amfta_s,label_flipping,0.20,0.50,0.50,42,21,1.0,1.0,1.0,1.0
amftas,amfta_s,label_flipping,0.20,0.50,0.50,42,22,1.0,1.0,1.0,1.0
amftas,amfta_s,label_flipping,0.20,0.50,0.50,42,23,1.0,1.0,1.0,1.0
amftas,amfta_s,label_flipping,0.20,0.50,0.50,42,24,1.0,1.0,1.0,1.0
amftas,amfta_s,label_flipping,0.20,0.50,0.50,42,25,1.0,1.0,1.0,1.0
amftas,amfta_s,label_flipping,0.20,0.50,0.50,123,1,0.6263,0.7702145975527269,0.6263,1.0
amftas,amfta_s,label_flipping,0.20,0.50,0.50,123,2,0.98095,0.9850194629025282,0.9704811342682266,1.0
amftas,amfta_s,label_flipping,0.20,0.50,0.50,123,3,0.8614,0.9003737780333524,0.8187998431167473,1.0
amftas,amfta_s,label_flipping,0.20,0.50,0.50,123,4,1.0,1.0,1.0,1.0
amftas,amfta_s,label_flipping,0.20,0.50,0.50,123,5,1.0,1.0,1.0,1.0
amftas,amfta_s,label_flipping,0.20,0.50,0.50,123,6,1.0,1.0,1.0,1.0
amftas,amfta_s,label_flipping,0.20,0.50,0.50,123,7,1.0,1.0,1.0,1.0
amftas,amfta_s,label_flipping,0.20,0.50,0.50,123,8,0.9987,0.998963234707712,0.9979286169534736,1.0
amftas,amfta_s,label_flipping,0.20,0.50,0.50,123,9,1.0,1.0,1.0,1.0
amftas,amfta_s,label_flipping,0.20,0.50,0.50,123,10,1.0,1.0,1.0,1.0
amftas,amfta_s,label_flipping,0.20,0.50,0.50,123,11,1.0,1.0,1.0,1.0
amftas,amfta_s,label_flipping,0.20,0.50,0.50,123,12,1.0,1.0,1.0,1.0
amftas,amfta_s,label_flipping,0.20,0.50,0.50,123,13,1.0,1.0,1.0,1.0
amftas,amfta_s,label_flipping,0.20,0.50,0.50,123,14,1.0,1.0,1.0,1.0
amftas,amfta_s,label_flipping,0.20,0.50,0.50,123,15,1.0,1.0,1.0,1.0
amftas,amfta_s,label_flipping,0.20,0.50,0.50,123,16,1.0,1.0,1.0,1.0
amftas,amfta_s,label_flipping,0.20,0.50,0.50,123,17,1.0,1.0,1.0,1.0
amftas,amfta_s,label_flipping,0.20,0.50,0.50,123,18,1.0,1.0,1.0,1.0
amftas,amfta_s,label_flipping,0.20,0.50,0.50,123,19,1.0,1.0,1.0,1.0
amftas,amfta_s,label_flipping,0.20,0.50,0.50,123,20,1.0,1.0,1.0,1.0
amftas,amfta_s,label_flipping,0.20,0.50,0.50,123,21,1.0,1.0,1.0,1.0
amftas,amfta_s,label_flipping,0.20,0.50,0.50,123,22,1.0,1.0,1.0,1.0
amftas,amfta_s,label_flipping,0.20,0.50,0.50,123,23,1.0,1.0,1.0,1.0
amftas,amfta_s,label_flipping,0.20,0.50,0.50,123,24,1.0,1.0,1.0,1.0
amftas,amfta_s,label_flipping,0.20,0.50,0.50,123,25,1.0,1.0,1.0,1.0
amftas,amfta_s,label_flipping,0.20,0.50,0.50,456,1,0.61705,0.7631798645681952,0.61705,1.0
amftas,amfta_s,label_flipping,0.20,0.50,0.50,456,2,0.61705,0.7631798645681952,0.61705,1.0
amftas,amfta_s,label_flipping,0.20,0.50,0.50,456,3,0.61985,0.76450363946105,0.6187825912555155,1.0
amftas,amfta_s,label_flipping,0.20,0.50,0.50,456,4,0.6836,0.7959367945823927,0.661042369703787,1.0
amftas,amfta_s,label_flipping,0.20,0.50,0.50,456,5,0.97995,0.9840130765857354,0.9685292732695024,1.0
amftas,amfta_s,label_flipping,0.20,0.50,0.50,456,6,0.9771,0.9817820206841686,0.9642159543714353,1.0
amftas,amfta_s,label_flipping,0.20,0.50,0.50,456,7,0.99205,0.9935992914939011,0.98728,1.0
amftas,amfta_s,label_flipping,0.20,0.50,0.50,456,8,1.0,1.0,1.0,1.0
amftas,amfta_s,label_flipping,0.20,0.50,0.50,456,9,0.99885,0.9990690143695609,0.9981397605952766,1.0
amftas,amfta_s,label_flipping,0.20,0.50,0.50,456,10,1.0,1.0,1.0,1.0
amftas,amfta_s,label_flipping,0.20,0.50,0.50,456,11,1.0,1.0,1.0,1.0
amftas,amfta_s,label_flipping,0.20,0.50,0.50,456,12,1.0,1.0,1.0,1.0
amftas,amfta_s,label_flipping,0.20,0.50,0.50,456,13,1.0,1.0,1.0,1.0
amftas,amfta_s,label_flipping,0.20,0.50,0.50,456,14,1.0,1.0,1.0,1.0
amftas,amfta_s,label_flipping,0.20,0.50,0.50,456,15,1.0,1.0,1.0,1.0
amftas,amfta_s,label_flipping,0.20,0.50,0.50,456,16,1.0,1.0,1.0,1.0
amftas,amfta_s,label_flipping,0.20,0.50,0.50,456,17,1.0,1.0,1.0,1.0
amftas,amfta_s,label_flipping,0.20,0.50,0.50,456,18,1.0,1.0,1.0,1.0
amftas,amfta_s,label_flipping,0.20,0.50,0.50,456,19,1.0,1.0,1.0,1.0
amftas,amfta_s,label_flipping,0.20,0.50,0.50,456,20,1.0,1.0,1.0,1.0
amftas,amfta_s,label_flipping,0.20,0.50,0.50,456,21,1.0,1.0,1.0,1.0
amftas,amfta_s,label_flipping,0.20,0.50,0.50,456,22,1.0,1.0,1.0,1.0
amftas,amfta_s,label_flipping,0.20,0.50,0.50,456,23,1.0,1.0,1.0,1.0
amftas,amfta_s,label_flipping,0.20,0.50,0.50,456,24,1.0,1.0,1.0,1.0
amftas,amfta_s,label_flipping,0.20,0.50,0.50,456,25,1.0,1.0,1.0,1.0
amftas,amfta_s,label_flipping,0.30,0.50,0.50,42,1,0.9996,0.9996763754045308,0.9993529602070528,1.0
amftas,amfta_s,label_flipping,0.30,0.50,0.50,42,2,0.67835,0.7934499919730295,0.6576188195220608,1.0
amftas,amfta_s,label_flipping,0.30,0.50,0.50,42,3,1.0,1.0,1.0,1.0
amftas,amfta_s,label_flipping,0.30,0.50,0.50,42,4,0.96185,0.9700490677134446,0.9418400792743349,1.0
amftas,amfta_s,label_flipping,0.30,0.50,0.50,42,5,1.0,1.0,1.0,1.0
amftas,amfta_s,label_flipping,0.30,0.50,0.50,42,6,0.9998,0.9998381615148082,0.9996763754045307,1.0
amftas,amfta_s,label_flipping,0.30,0.50,0.50,42,7,0.9745,0.978927361375093,1.0,0.9587245063127225
amftas,amfta_s,label_flipping,0.30,0.50,0.50,42,8,0.99955,0.9996359370575624,0.999272139102305,1.0
amftas,amfta_s,label_flipping,0.30,0.50,0.50,42,9,1.0,1.0,1.0,1.0
amftas,amfta_s,label_flipping,0.30,0.50,0.50,42,10,1.0,1.0,1.0,1.0
amftas,amfta_s,label_flipping,0.30,0.50,0.50,42,11,1.0,1.0,1.0,1.0
amftas,amfta_s,label_flipping,0.30,0.50,0.50,42,12,1.0,1.0,1.0,1.0
amftas,amfta_s,label_flipping,0.30,0.50,0.50,42,13,1.0,1.0,1.0,1.0
amftas,amfta_s,label_flipping,0.30,0.50,0.50,42,14,1.0,1.0,1.0,1.0
amftas,amfta_s,label_flipping,0.30,0.50,0.50,42,15,1.0,1.0,1.0,1.0
amftas,amfta_s,label_flipping,0.30,0.50,0.50,42,16,1.0,1.0,1.0,1.0
amftas,amfta_s,label_flipping,0.30,0.50,0.50,42,17,1.0,1.0,1.0,1.0
amftas,amfta_s,label_flipping,0.30,0.50,0.50,42,18,1.0,1.0,1.0,1.0
amftas,amfta_s,label_flipping,0.30,0.50,0.50,42,19,1.0,1.0,1.0,1.0
amftas,amfta_s,label_flipping,0.30,0.50,0.50,42,20,1.0,1.0,1.0,1.0
amftas,amfta_s,label_flipping,0.30,0.50,0.50,42,21,1.0,1.0,1.0,1.0
amftas,amfta_s,label_flipping,0.30,0.50,0.50,42,22,0.9998,0.9998381091144569,1.0,0.9996762706377469
amftas,amfta_s,label_flipping,0.30,0.50,0.50,42,23,1.0,1.0,1.0,1.0
amftas,amfta_s,label_flipping,0.30,0.50,0.50,42,24,1.0,1.0,1.0,1.0
amftas,amfta_s,label_flipping,0.30,0.50,0.50,42,25,1.0,1.0,1.0,1.0
amftas,amfta_s,label_flipping,0.30,0.50,0.50,123,1,0.6263,0.7702145975527269,0.6263,1.0
amftas,amfta_s,label_flipping,0.30,0.50,0.50,123,2,1.0,1.0,1.0,1.0
amftas,amfta_s,label_flipping,0.30,0.50,0.50,123,3,0.6267,0.7704040838919983,0.6265506202480993,1.0
amftas,amfta_s,label_flipping,0.30,0.50,0.50,123,4,1.0,1.0,1.0,1.0
amftas,amfta_s,label_flipping,0.30,0.50,0.50,123,5,0.7492,0.833178129572968,0.7140576901151522,1.0
amftas,amfta_s,label_flipping,0.30,0.50,0.50,123,6,1.0,1.0,1.0,1.0
amftas,amfta_s,label_flipping,0.30,0.50,0.50,123,7,0.88145,0.9135397294242059,0.8408404376720146,1.0
amftas,amfta_s,label_flipping,0.30,0.50,0.50,123,8,1.0,1.0,1.0,1.0
amftas,amfta_s,label_flipping,0.30,0.50,0.50,123,9,1.0,1.0,1.0,1.0
amftas,amfta_s,label_flipping,0.30,0.50,0.50,123,10,1.0,1.0,1.0,1.0
amftas,amfta_s,label_flipping,0.30,0.50,0.50,123,11,0.9904,0.9923942322928221,0.9849032866802957,1.0
amftas,amfta_s,label_flipping,0.30,0.50,0.50,123,12,1.0,1.0,1.0,1.0
amftas,amfta_s,label_flipping,0.30,0.50,0.50,123,13,1.0,1.0,1.0,1.0
amftas,amfta_s,label_flipping,0.30,0.50,0.50,123,14,1.0,1.0,1.0,1.0
amftas,amfta_s,label_flipping,0.30,0.50,0.50,123,15,0.99955,0.9996408762619209,0.9992820103709613,1.0
amftas,amfta_s,label_flipping,0.30,0.50,0.50,123,16,1.0,1.0,1.0,1.0
amftas,amfta_s,label_flipping,0.30,0.50,0.50,123,17,0.97585,0.9810847855884081,0.9628718579444999,1.0
amftas,amfta_s,label_flipping,0.30,0.50,0.50,123,18,1.0,1.0,1.0,1.0
amftas,amfta_s,label_flipping,0.30,0.50,0.50,123,19,1.0,1.0,1.0,1.0
amftas,amfta_s,label_flipping,0.30,0.50,0.50,123,20,1.0,1.0,1.0,1.0
amftas,amfta_s,label_flipping,0.30,0.50,0.50,123,21,1.0,1.0,1.0,1.0
amftas,amfta_s,label_flipping,0.30,0.50,0.50,123,22,0.9984,0.9987242863977036,0.99745182353878,1.0
amftas,amfta_s,label_flipping,0.30,0.50,0.50,123,23,1.0,1.0,1.0,1.0
amftas,amfta_s,label_flipping,0.30,0.50,0.50,123,24,0.9894,0.9916086130462318,0.983356884911289,1.0
amftas,amfta_s,label_flipping,0.30,0.50,0.50,123,25,1.0,1.0,1.0,1.0
amftas,amfta_s,label_flipping,0.30,0.50,0.50,456,1,0.61705,0.7631798645681952,0.61705,1.0
amftas,amfta_s,label_flipping,0.30,0.50,0.50,456,2,0.61705,0.7631798645681952,0.61705,1.0
amftas,amfta_s,label_flipping,0.30,0.50,0.50,456,3,0.87985,0.9112793058888684,0.8370184481823114,1.0
amftas,amfta_s,label_flipping,0.30,0.50,0.50,456,4,0.67815,0.793148880105402,0.6572052401746725,1.0
amftas,amfta_s,label_flipping,0.30,0.50,0.50,456,5,1.0,1.0,1.0,1.0
amftas,amfta_s,label_flipping,0.30,0.50,0.50,456,6,0.75505,0.8343869375612725,0.7158352668213457,1.0
amftas,amfta_s,label_flipping,0.30,0.50,0.50,456,7,0.9998,0.99983796483837,0.9996759821790199,1.0
amftas,amfta_s,label_flipping,0.30,0.50,0.50,456,8,1.0,1.0,1.0,1.0
amftas,amfta_s,label_flipping,0.30,0.50,0.50,456,9,0.9391,0.952972972972973,0.9101703665462054,1.0
amftas,amfta_s,label_flipping,0.30,0.50,0.50,456,10,1.0,1.0,1.0,1.0
amftas,amfta_s,label_flipping,0.30,0.50,0.50,456,11,0.97155,0.9774662389608333,0.9559256390395042,1.0
amftas,amfta_s,label_flipping,0.30,0.50,0.50,456,12,1.0,1.0,1.0,1.0
amftas,amfta_s,label_flipping,0.30,0.50,0.50,456,13,0.9989,0.9991094559585492,0.9982204966432096,1.0
amftas,amfta_s,label_flipping,0.30,0.50,0.50,456,14,1.0,1.0,1.0,1.0
amftas,amfta_s,label_flipping,0.30,0.50,0.50,456,15,0.9997,0.9997569669475048,0.9995140519964364,1.0
amftas,amfta_s,label_flipping,0.30,0.50,0.50,456,16,1.0,1.0,1.0,1.0
amftas,amfta_s,label_flipping,0.30,0.50,0.50,456,17,0.99615,0.9968900197907831,0.9937993235625705,1.0
amftas,amfta_s,label_flipping,0.30,0.50,0.50,456,18,1.0,1.0,1.0,1.0
amftas,amfta_s,label_flipping,0.30,0.50,0.50,456,19,1.0,1.0,1.0,1.0
amftas,amfta_s,label_flipping,0.30,0.50,0.50,456,20,1.0,1.0,1.0,1.0
amftas,amfta_s,label_flipping,0.30,0.50,0.50,456,21,1.0,1.0,1.0,1.0
amftas,amfta_s,label_flipping,0.30,0.50,0.50,456,22,1.0,1.0,1.0,1.0
amftas,amfta_s,label_flipping,0.30,0.50,0.50,456,23,1.0,1.0,1.0,1.0
amftas,amfta_s,label_flipping,0.30,0.50,0.50,456,24,1.0,1.0,1.0,1.0
amftas,amfta_s,label_flipping,0.30,0.50,0.50,456,25,1.0,1.0,1.0,1.0
